"","V1","V2","V3","V4","V5","V6","V7","V8","V9","V10","V11"
"user1","user1","user23","user17","user37","user20","user60","user8","user30","user66","user14","user49"
"user10","user10","user71","user60","user45","user1","user69","user29","user8","user14","user49","user23"
"user11","user11","user29","user40","user69","user14","user26","user27","user4","user41","user43","user50"
"user12","user12","user78","user22","user5","user36","user30","user47","user15","user19","user66","user70"
"user13","user13","user42","user30","user70","user66","user23","user32","user38","user26","user27","user4"
"user14","user14","user8","user69","user49","user20","user35","user26","user27","user4","user41","user43"
"user15","user15","user70","user19","user32","user26","user27","user4","user41","user43","user50","user53"
"user16","user16","user5","user42","user36","user30","user55","user19","user47","user66","user32","user22"
"user17","user17","user20","user37","user8","user23","user49","user35","user14","user26","user27","user4"
"user18","user18","user63","user76","user46","user33","user52","user49","user69","user11","user29","user20"
"user19","user19","user47","user38","user32","user22","user26","user27","user4","user41","user43","user50"
"user2","user2","user51","user31","user74","user25","user60","user55","user45","user49","user69","user11"
"user20","user20","user17","user8","user49","user37","user14","user35","user26","user27","user4","user41"
"user21","user21","user52","user19","user33","user40","user32","user35","user26","user27","user4","user41"
"user22","user22","user47","user19","user70","user36","user38","user32","user26","user27","user4","user41"
"user23","user23","user17","user37","user30","user20","user66","user26","user27","user4","user41","user43"
"user24","user24","user39","user74","user31","user60","user37","user49","user17","user20","user55","user45"
"user25","user25","user31","user3","user56","user69","user49","user29","user11","user2","user20","user40"
"user26","user35","user32","user38","user70","user66","user14","user40","user30","user8","user20","user37"
"user27","user35","user32","user38","user70","user66","user14","user40","user30","user8","user20","user37"
"user28","user28","user1","user60","user45","user49","user17","user23","user20","user69","user8","user14"
"user29","user29","user11","user69","user40","user14","user26","user27","user4","user41","user43","user50"
"user3","user3","user61","user25","user76","user31","user56","user33","user49","user69","user11","user29"
"user30","user30","user66","user32","user38","user70","user35","user26","user27","user4","user41","user43"
"user31","user31","user25","user69","user49","user11","user29","user20","user8","user14","user17","user45"
"user32","user32","user26","user27","user4","user41","user43","user50","user53","user54","user57","user58"
"user33","user33","user52","user76","user11","user29","user40","user69","user38","user35","user26","user27"
"user34","user34","user78","user15","user29","user11","user36","user40","user22","user66","user47","user70"
"user35","user35","user26","user27","user4","user41","user43","user50","user53","user54","user57","user58"
"user36","user36","user22","user5","user19","user47","user66","user70","user38","user30","user26","user27"
"user37","user37","user17","user20","user23","user32","user26","user27","user4","user41","user43","user50"
"user38","user38","user26","user27","user4","user41","user43","user50","user53","user54","user57","user58"
"user39","user39","user24","user74","user60","user45","user1","user37","user11","user49","user69","user29"
"user4","user35","user32","user38","user70","user66","user14","user40","user30","user8","user20","user37"
"user40","user40","user11","user26","user27","user4","user41","user43","user50","user53","user54","user57"
"user41","user35","user32","user38","user70","user66","user14","user40","user30","user8","user20","user37"
"user42","user42","user13","user30","user16","user66","user70","user47","user5","user32","user35","user26"
"user43","user35","user32","user38","user70","user66","user14","user40","user30","user8","user20","user37"
"user44","user44","user23","user14","user49","user60","user8","user17","user1","user37","user20","user70"
"user45","user45","user49","user17","user14","user60","user26","user27","user4","user41","user43","user50"
"user46","user46","user76","user33","user8","user40","user52","user69","user35","user14","user26","user27"
"user47","user47","user19","user38","user70","user32","user26","user27","user4","user41","user43","user50"
"user48","user48","user37","user70","user20","user23","user26","user27","user4","user41","user43","user50"
"user49","user49","user8","user14","user20","user69","user17","user60","user35","user26","user27","user4"
"user5","user5","user36","user19","user47","user22","user16","user12","user30","user70","user66","user32"
"user50","user35","user32","user38","user70","user66","user14","user40","user30","user8","user20","user37"
"user51","user51","user2","user45","user31","user55","user49","user69","user60","user11","user14","user29"
"user52","user52","user33","user11","user29","user40","user76","user35","user26","user27","user4","user41"
"user53","user35","user32","user38","user70","user66","user14","user40","user30","user8","user20","user37"
"user54","user35","user32","user38","user70","user66","user14","user40","user30","user8","user20","user37"
"user55","user55","user45","user32","user35","user26","user27","user4","user41","user43","user50","user53"
"user56","user56","user26","user27","user4","user41","user43","user50","user53","user54","user57","user58"
"user57","user35","user32","user38","user70","user66","user14","user40","user30","user8","user20","user37"
"user58","user35","user32","user38","user70","user66","user14","user40","user30","user8","user20","user37"
"user59","user59","user15","user38","user70","user68","user35","user26","user27","user4","user41","user43"
"user6","user6","user42","user13","user17","user23","user37","user30","user20","user66","user70","user32"
"user60","user60","user49","user20","user17","user8","user1","user37","user14","user45","user69","user23"
"user61","user61","user3","user25","user76","user56","user31","user33","user52","user49","user11","user45"
"user62","user62","user25","user76","user31","user46","user33","user52","user56","user17","user69","user11"
"user63","user63","user14","user76","user29","user46","user11","user33","user69","user8","user52","user49"
"user64","user64","user76","user21","user33","user52","user29","user40","user11","user69","user14","user19"
"user65","user65","user33","user52","user11","user29","user77","user19","user40","user47","user21","user38"
"user66","user66","user30","user32","user70","user26","user27","user4","user41","user43","user50","user53"
"user67","user35","user32","user38","user70","user66","user14","user40","user30","user8","user20","user37"
"user68","user68","user1","user23","user37","user17","user8","user20","user30","user14","user70","user66"
"user69","user69","user14","user8","user29","user49","user11","user35","user26","user27","user4","user41"
"user7","user7","user48","user13","user42","user37","user20","user17","user23","user30","user38","user32"
"user70","user70","user32","user26","user27","user4","user41","user43","user50","user53","user54","user57"
"user71","user71","user10","user60","user1","user45","user69","user37","user49","user29","user8","user14"
"user72","user72","user69","user60","user45","user49","user1","user14","user37","user20","user11","user29"
"user73","user73","user39","user63","user69","user1","user60","user49","user23","user11","user29","user8"
"user74","user74","user2","user31","user49","user60","user17","user45","user37","user8","user14","user51"
"user75","user75","user2","user51","user25","user60","user31","user49","user45","user11","user29","user69"
"user76","user76","user33","user52","user69","user46","user11","user29","user14","user40","user8","user38"
"user77","user77","user35","user32","user26","user27","user4","user41","user43","user50","user53","user54"
"user78","user78","user22","user36","user12","user15","user19","user47","user66","user70","user38","user26"
"user8","user8","user14","user20","user49","user69","user17","user35","user26","user27","user4","user41"
"user9","user35","user32","user38","user70","user66","user14","user40","user30","user8","user20","user37"
